Name,Model,publications,F1 Score,RougeL,Length,Vec2,Bleu
Xenophon Papademetris,turbo,97,0.265090129,0.38970186,159.3333333,0.740548483,0.087866667
Xenophon Papademetris,davinci,97,0.224476877,0.323629924,199.0,0.63989553,0.057866667
Xenophon Papademetris,curie,97,0.149074074,0.259536444,324.6666667,0.80499099,0.035766667
Xenophon Papademetris,ada,97,0.120580508,0.23023439,220.3333333,0.743694367,0.030066667
Stuart K. Card,turbo,83,0.20767383,0.280290401,305.6666667,0.6580835,0.105133333
Stuart K. Card,davinci,83,0.229236979,0.322364672,157.3333333,0.584417903,0.086633333
Stuart K. Card,curie,83,0.104588788,0.255018123,219.6666667,0.670197483,0.0328
Stuart K. Card,ada,83,0.025404944,0.125656327,235.0,0.591753717,0.015033333
Stephan Diehl,turbo,100,0.206974858,0.321804512,279.6666667,0.74418131,0.049866667
Stephan Diehl,ada,100,0.071024449,0.204380852,377.3333333,0.74648692,0.014366667
Stephan Diehl,curie,100,0.144530411,0.247063011,274.6666667,0.741710333,0.0615
Stephan Diehl,davinci,100,0.207114216,0.34539442,149.6666667,0.65316107,0.082233333
Penny Rheingans,davinci,62,0.131721145,0.285249774,161.0,0.6184936,0.0316
Penny Rheingans,turbo,62,0.254610999,0.390921809,144.0,0.713318057,0.064933333
Penny Rheingans,ada,62,0.130185123,0.239612658,299.0,0.756028863,0.0375
Penny Rheingans,curie,62,0.152145659,0.250554397,272.0,0.746178647,0.064866667
Michael Burch,ada,100,0.04949495,0.203750643,291.6666667,0.645846923,0.0181
Michael Burch,curie,100,0.121694027,0.214520951,252.0,0.713285633,0.038333333
Michael Burch,davinci,100,0.343403714,0.473138657,159.0,0.710334657,0.143366667
Michael Burch,turbo,100,0.208140432,0.378840552,296.6666667,0.678129667,0.110466667
Mary Jean Harrold,davinci,100,0.362986313,0.514800584,158.0,0.680917263,0.1103
Mary Jean Harrold,ada,100,0.042784602,0.147635756,350.6666667,0.64467821,0.0118
Mary Jean Harrold,curie,100,0.133229135,0.266558324,213.3333333,0.75026385,0.038833333
Mary Jean Harrold,turbo,100,0.261965812,0.431940425,273.0,0.753258473,0.097333333
Mary C. Whitton,turbo,59,0.272109885,0.386477386,155.0,0.763507667,0.052966667
Mary C. Whitton,ada,59,0.10683237,0.21509772,315.6666667,0.742701233,0.0272
Mary C. Whitton,curie,59,0.099372099,0.23794926,297.0,0.700344287,0.0197
Mary C. Whitton,davinci,59,0.195427568,0.309097454,179.6666667,0.610713857,0.024533333
Marie desJardins,curie,99,0.177106556,0.313131313,219.3333333,0.78064093,0.0488
Marie desJardins,davinci,99,0.280055194,0.419730392,193.0,0.54072682,0.0917
Marie desJardins,ada,99,0.122222222,0.247464503,156.3333333,0.705592,0.023033333
Marie desJardins,turbo,99,0.247004203,0.384407364,194.0,0.741338557,0.082266667
James A. Jones,davinci,45,0.18654561,0.279071482,139.3333333,0.61572795,0.023533333
James A. Jones,curie,45,0.099095447,0.2296494,302.0,0.697625317,0.018566667
James A. Jones,ada,45,0.079415779,0.188753662,276.0,0.810786453,0.016533333
James A. Jones,turbo,45,0.196576572,0.311612364,175.0,0.792994067,0.060066667
Henry Fuchs,ada,100,0.075396825,0.198213716,252.3333333,0.696957617,0.023533333
Henry Fuchs,curie,100,0.179266348,0.285429385,180.3333333,0.66618867,0.045366667
Henry Fuchs,davinci,100,0.306409888,0.489795919,159.6666667,0.583150313,0.126933333
Henry Fuchs,turbo,100,0.252193185,0.415159053,228.6666667,0.70860827,0.143066667
Ghassan Hamarneh,curie,150,0.114983046,0.218484639,298.0,0.758744067,0.023666667
Ghassan Hamarneh,davinci,150,0.171911422,0.328855053,190.6666667,0.604237847,0.061533333
Ghassan Hamarneh,turbo,150,0.104563796,0.26438296,336.0,0.761718177,0.058966667
Ghassan Hamarneh,ada,150,0.025276052,0.169583574,426.6666667,0.768518253,0.0083
Fabian Beck,davinci,61,0.169022416,0.271763907,154.6666667,0.559721367,0.034233333
Fabian Beck,curie,61,0.136443299,0.255159047,281.0,0.7916483,0.027666667
Fabian Beck,ada,61,0.042478074,0.191853707,380.3333333,0.73645587,0.012166667
Fabian Beck,turbo,61,0.165218756,0.27526455,156.3333333,0.717194187,0.042533333
Dieter Schmalstieg,curie,300,0.183862434,0.301298701,191.3333333,0.758964,0.095833333
Dieter Schmalstieg,ada,300,0.052662618,0.201964286,179.3333333,0.69515953,0.0136
Dieter Schmalstieg,davinci,300,0.395706619,0.556089102,212.0,0.671950437,0.1923
Dieter Schmalstieg,turbo,300,0.312206183,0.494067945,212.3333333,0.764346117,0.153266667
Daniel Weiskopf,ada,250,0.007490637,0.118964369,265.6666667,0.653366747,0.0056
Daniel Weiskopf,curie,250,0.126015803,0.277784353,238.6666667,0.70839997,0.0209
Daniel Weiskopf,turbo,250,0.325144818,0.483290925,337.3333333,0.756061633,0.227966667
Daniel Weiskopf,davinci,250,0.321504605,0.48976249,177.6666667,0.67155269,0.1617
Catherine Plaisant,turbo,150,0.277089783,0.470466815,187.0,0.730853933,0.162033333
Catherine Plaisant,curie,150,0.106412418,0.202553153,305.0,0.68825744,0.0265
Catherine Plaisant,ada,150,0.045430542,0.169473038,250.3333333,0.656980217,0.012133333
Catherine Plaisant,davinci,150,0.310237603,0.466023918,142.0,0.63420931,0.117166667
Carla E. Brodley,turbo,84,0.296732026,0.403678161,228.3333333,0.785886133,0.102233333
Carla E. Brodley,ada,84,0.114533711,0.231138533,320.0,0.77034298,0.035633333
Carla E. Brodley,curie,84,0.178369976,0.295977296,236.0,0.787767073,0.049233333
Carla E. Brodley,davinci,84,0.256172839,0.37164751,195.0,0.657260887,0.0925
Benjamin B. Bederson,turbo,100,0.269193608,0.402908274,321.0,0.752579823,0.122033333
Benjamin B. Bederson,curie,100,0.101609298,0.185805861,256.6666667,0.714335673,0.032733333
Benjamin B. Bederson,ada,100,0.064123377,0.183413078,275.6666667,0.62178151,0.014366667
Benjamin B. Bederson,davinci,100,0.244479221,0.38440617,179.3333333,0.611265877,0.0707
Ben Shneiderman,ada,400,0.028747448,0.131752649,314.6666667,0.578920683,0.008766667
Ben Shneiderman,curie,400,0.127549665,0.21402972,300.0,0.707828047,0.037133333
Ben Shneiderman,turbo,400,0.407854051,0.571723426,195.0,0.797973533,0.227566667
Ben Shneiderman,davinci,400,0.35234091,0.535792894,226.0,0.667642443,0.108
Anna Celler,turbo,14,0.272017282,0.433811802,150.6666667,0.798874,0.116266667
Anna Celler,davinci,14,0.268766322,0.385454545,121.3333333,0.694026217,0.1036
Anna Celler,curie,14,0.117940604,0.283250943,205.0,0.70187911,0.0286
Anna Celler,ada,14,0.038813039,0.160717879,239.6666667,0.655621983,0.011566667
Achim Ebert,turbo,100,0.225313603,0.337374723,157.0,0.75657049,0.0595
Achim Ebert,davinci,100,0.215383425,0.351023884,165.3333333,0.78367708,0.083366667
Achim Ebert,curie,100,0.094084464,0.174311058,292.0,0.733577743,0.030366667
Achim Ebert,ada,100,0.026530151,0.181566815,281.6666667,0.719642933,0.0094
